Unnamed: 0,SON KULLANMA TARİHİ GEÇEN İLAÇLAR,Unnamed: 2,Unnamed: 3,Unnamed: 4,SheetName,NARKOTİK İLAÇ ÇEKMECESİ,desk üzeri,1. çekmece,desk 1. dolap,1. dolap 1. raf,1. Dolap 2. Raf,1. dolap 3. raf,1. dolap 4. raf,1. dolap 5. raf,2. Dolap 1. Raf,2. dolap 2. raf,2. dolap 3. raf,2. dolap 4. raf,2. dolap 5. raf kutu,3. DOLAP 1. RAF,DOLAP ÜSTÜ 1. KUTU,DOLAP ÜSTÜ 2. KUTU
Sıra,Ürün Adı,Toplam Ürün Kutu Sayısı,Toplam Ürün İçerik Sayısı,Detay,TARİHİ GEÇEN İLAÇLAR,,,,,,,,,,,,,,,,,
1,%5 DEKSTROZ 500 ML.,4,4,SKT-2024-12:4 kutu,TARİHİ GEÇEN İLAÇLAR,,,,,,,,,,,,,,,,,
2,%20 DEKSTROZ 500 ML.,3,3,"SKT-2025-01:2 kutu, SKT-2024-11:1 kutu",TARİHİ GEÇEN İLAÇLAR,,,,,,,,,,,,,,,,,
3,%5 DEKSTROZ 250 ML.,6,6,SKT-2025-01:6 kutu,TARİHİ GEÇEN İLAÇLAR,,,,,,,,,,,,,,,,,
4,%0.9 İZOTONİK SODYUM KLORÜR 500 ML.,7,7,SKT-2025-01:7 kutu,TARİHİ GEÇEN İLAÇLAR,,,,,,,,,,,,,,,,,
5,%0.9 İZOTONİK SODYUM KLORÜR 1000 ML.,3,3,SKT-2024-11:3 kutu,TARİHİ GEÇEN İLAÇLAR,,,,,,,,,,,,,,,,,
6,İZOLEN DENGELİ 500 ML.,3,3,SKT-2025-01:3 kutu,TARİHİ GEÇEN İLAÇLAR,,,,,,,,,,,,,,,,,
7,İzolen-S PH 7.4 ELEKTROLİT ÇÖZELTİ 500 ML.,3,3,SKT-2024-11:3 kutu,TARİHİ GEÇEN İLAÇLAR,,,,,,,,,,,,,,,,,
8,CORDARONE BT 200 MG 30 TABLET,2,60,SKT-2024-11:2 kutu,TARİHİ GEÇEN İLAÇLAR,,,,,,,,,,,,,,,,,
9,BRUFEN 600 MG 20 FILM TABLET,1,20,SKT-2024-10:1 kutu,TARİHİ GEÇEN İLAÇLAR,,,,,,,,,,,,,,,,,
10,ARVELES 25 MG 20 FILM TABLET,1,10,SKT-2024-12:1 kutu,TARİHİ GEÇEN İLAÇLAR,,,,,,,,,,,,,,,,,
11,BUSCOPAN 10 MG 20 TB,3,50,SKT-2024-10:3 kutu,TARİHİ GEÇEN İLAÇLAR,,,,,,,,,,,,,,,,,
12,PREDNOL-L 40 MG FLAKON,1,1,SKT-2024-11:1 kutu,TARİHİ GEÇEN İLAÇLAR,,,,,,,,,,,,,,,,,
13,MİDAJECT 15MG/3ML 5 AMP,1,2,SKT-2024-11:1 kutu,TARİHİ GEÇEN İLAÇLAR,,,,,,,,,,,,,,,,,
14,DRAMAMINE 50 MG 5 AMPUL,1,4,SKT-2024-12:1 kutu,TARİHİ GEÇEN İLAÇLAR,,,,,,,,,,,,,,,,,
15,"XANAX 0,5 MG 30 TABLET",1,20,SKT-2021-04:1 kutu,TARİHİ GEÇEN İLAÇLAR,,,,,,,,,,,,,,,,,
16,DİAZEPAM DESİTİN RECTAL TUBE 5 MG,1,1,?,TARİHİ GEÇEN İLAÇLAR,,,,,,,,,,,,,,,,,
Sıra,,Toplam Ürün Kutu Sayısı,Toplam Ürün İçerik Sayısı,Detay,N.ÇEKMECESİ,Ürün Adı,,,,,,,,,,,,,,,,
1,,1,3,SKT-2026-04:1 kutu,N.ÇEKMECESİ,SEDEVER 5MG/5ML 5 AMP.,,,,,,,,,,,,,,,,
2,,1,3,SKT-2026-05:1 kutu,N.ÇEKMECESİ,DIAKSI 5 MG /2.5 ML REKTAL COZELTI,,,,,,,,,,,,,,,,
3,,1,10,SKT-2026-07:1 kutu,N.ÇEKMECESİ,ATROPİN 1MG/1ML 10 AMP.,,,,,,,,,,,,,,,,
4,,1,10,SKT-2028-03:1 kutu,N.ÇEKMECESİ,ADRENALIN 1 MG 10 AMPUL,,,,,,,,,,,,,,,,
5,,6,54,"SKT-2027-04:3 kutu, SKT-2027-01:2 kutu, SKT-2028-03:1 kutu",N.ÇEKMECESİ,"ADRENALIN 0,5 MG 10 AMPUL",,,,,,,,,,,,,,,,
6,,2,7,"SKT-2027-02:1 kutu, SKT-2026-09:1 kutu",N.ÇEKMECESİ,PETHOLAN 100 MG/2ML 5 AMP.,,,,,,,,,,,,,,,,
7,,1,2,SKT-2027-01:1 kutu,N.ÇEKMECESİ,LARGACTIL 25 MG ENJEKSIYONLUK/INFUZYONLUK COZELTI ICEREN AMPUL (10 AMPUL),,,,,,,,,,,,,,,,
8,,2,11,SKT-2026-09:2 kutu,N.ÇEKMECESİ,ATROPIN GALEN 1 MG 10 AMPUL,,,,,,,,,,,,,,,,
9,,1,1,SKT-2026-09:1 kutu,N.ÇEKMECESİ,"ATROPIN GALEN 0,5 MG 10 AMPUL",,,,,,,,,,,,,,,,
10,,1,2,SKT-2026-08:1 kutu,N.ÇEKMECESİ,NORODOL 5 MG 5 AMPUL,,,,,,,,,,,,,,,,
11,,1,4,SKT-2027-11:1 kutu,N.ÇEKMECESİ,AKINETON 5 MG/ML ENJEKSIYON ICIN SOLUSYON ICEREN 1 ML X 5 AMPUL,,,,,,,,,,,,,,,,
12,,1,8,SKT-2026-02:1 kutu,N.ÇEKMECESİ,DRAMAMINE 50 MG 12 TABLET,,,,,,,,,,,,,,,,
13,,1,2,SKT-2025-05:1 kutu,N.ÇEKMECESİ,CONTRAMAL 100 MG/2ML AMP,,,,,,,,,,,,,,,,
14,,1,2,SKT-2025-06:1 kutu,N.ÇEKMECESİ,MORFİN 0.01MG/1ML AMP.,,,,,,,,,,,,,,,,
15,,1,2,SKT-2026-05:1 kutu,N.ÇEKMECESİ,DİAZEM 10MG/2ML AMP.,,,,,,,,,,,,,,,,
1.0,,1.0,100.0,SKT-3000-12:1 kutu,desk Üstü,,Tahta Dil Basacağı,,,,,,,,,,,,,,,
2.0,,1.0,1.0,SKT-2025-03:1 kutu,desk Üstü,,Batiderm %10 Povidon İyot 1000 ml.,,,,,,,,,,,,,,,
3.0,,1.0,1.0,SKT-2029-01:1 kutu,desk Üstü,,Etil Alkol 70' Base Cologne 1000 ml.,,,,,,,,,,,,,,,
4.0,,1.0,1.0,SKT-3000-12:1 kutu,desk Üstü,,El Dezenfektanı Dermosept Handplus 1000 ml.,,,,,,,,,,,,,,,
5.0,,1.0,1.0,SKT-2025-05:1 kutu,desk Üstü,,Oksijenli Su Dermosept 1000 ml.,,,,,,,,,,,,,,,
6.0,,1.0,1.0,SKT-3000-12:1 kutu,desk Üstü,,Zephirafix Fort Çözelti 1000 ml.,,,,,,,,,,,,,,,
7.0,,1.0,100.0,SKT-2029-07:1 kutu,desk Üstü,,Alkollü Mendil,,,,,,,,,,,,,,,
,,0.0,,,desk Üstü,,Atropin,,,,,,,,,,,,,,,
,,9.0,1.0,2025-05-01 00:00:00,desk Üstü,,Novalgin,,,,,,,,,,,,,,,
,,4.0,1.0,2025-08-01 00:00:00,desk Üstü,,Avil,,,,,,,,,,,,,,,
,,6.0,1.0,2025-08-01 00:00:00,desk Üstü,,Türktıpsan Feniramin,,,,,,,,,,,,,,,
,,3.0,1.0,2026-02-01 00:00:00,desk Üstü,,Dekort,,,,,,,,,,,,,,,
,,3.0,1.0,2027-12-01 00:00:00,desk Üstü,,Metpamid,,,,,,,,,,,,,,,
,,0.0,,,desk Üstü,,Bemiks,,,,,,,,,,,,,,,
,,0.0,,,desk Üstü,,Redoxan,,,,,,,,,,,,,,,
,,7.0,1.0,2025-10-01 00:00:00,desk Üstü,,Dicloron,,,,,,,,,,,,,,,
,,1.0,1.0,2028-04-01 00:00:00,desk Üstü,,Muscoflex,,,,,,,,,,,,,,,
,,3.0,1.0,2025-03-01 00:00:00,desk Üstü,,Lasix,,,,,,,,,,,,,,,
,,9.0,1.0,2025-07-01 00:00:00,desk Üstü,,Buscopan,,,,,,,,,,,,,,,
,,,,,desk Üstü,,,,,,,,,,,,,,,,,
,,1.0,1.0,,desk Üstü,,Portatif Defibrilatör Cihaz Primedic Defi Monitor,,,,,,,,,,,,,,,
,,1.0,1.0,,desk Üstü,,Defibrilatör (elektroşok) Cardiolife Actibiphasic Nihon Kohden,,,,,,,,,,,,,,,
,,1.0,1.0,,desk Üstü,,EKG Cihazı Mindray BeneHeart R12,,,,,,,,,,,,,,,
,,1.0,1.0,,desk Üstü,,Büyük Oksijen Tüpü,,,,,,,,,,,,,,,
,,1.0,1.0,,desk Üstü,,Küçük ksijen Tüpü,,,,,,,,,,,,,,,
,,1.0,1.0,,desk Üstü,,Portatif Oksijen Tüpü,,,,,,,,,,,,,,,
,,,,,desk çekmeceler,,,spançlar,,,,,,,,,,,,,,
,,,,,desk çekmeceler,,,makas,,,,,,,,,,,,,,
,,,,,desk çekmeceler,,,,,,,,,,,,,,,,,
,,,,,desk çekmeceler,,,2. çekmece,,,,,,,,,,,,,,
,,,,,desk çekmeceler,,,oksijen maskeleri,,,,,,,,,,,,,,
,,,,,desk çekmeceler,,,laringoskop seti,,,,,,,,,,,,,,
,,,,,desk çekmeceler,,,,,,,,,,,,,,,,,
,,,,,desk çekmeceler,,,3. çekmece,,,,,,,,,,,,,,
,,,,,desk çekmeceler,,,laringoskop seti,,,,,,,,,,,,,,
,,,,,desk çekmeceler,,,damaryolu malzemeleri,,,,,,,,,,,,,,
,,,,,desk çekmeceler,,,ateş ölçer,,,,,,,,,,,,,,
,,,,,desk çekmeceler,,,ekg elektrodu,,,,,,,,,,,,,,
Sıra,,Toplam Ürün Kutu Sayısı,Toplam Ürün İçerik Sayısı,Detay,desk dolaplar,,,,Ürün Adı,,,,,,,,,,,,,
1,,1,100,SKT-2027-12:1 kutu,desk dolaplar,,,,Enjektör 10 ml.,,,,,,,,,,,,,
2,,4,80,SKT-2027-10:4 kutu,desk dolaplar,,,,Steril Emici Spanç Kompres b-good 4 kat 20*5,,,,,,,,,,,,,
3,,4,4,SKT-2024-09:4 kutu,desk dolaplar,,,,Steril Pamuklu Ped 12cm*24cm,,,,,,,,,,,,,
4,,100,100,SKT-2026-06:100 kutu,desk dolaplar,,,,Steril Pamuklu Ped 10cm*10cm tekli paket,,,,,,,,,,,,,
5,,2,2,SKT-3000-12:2 kutu,desk dolaplar,,,,Elastik Bandaj Hypoallergenic ArtıMed 15*150cm,,,,,,,,,,,,,
6,,3,3,SKT-3000-12:3 kutu,desk dolaplar,,,,Elastik Bandaj Hypoallergenic ArtıMed 20*150cm,,,,,,,,,,,,,
7,,2,2,SKT-3000-12:2 kutu,desk dolaplar,,,,Elastik Bandaj Hypoallergenic ArtıMed 10*150cm,,,,,,,,,,,,,
8,,4,4,SKT-3000-12:4 kutu,desk dolaplar,,,,Elastik Bandaj Hypoallergenic ArtıMed 6*150cm,,,,,,,,,,,,,
9,,6,6,SKT-2019-01:6 kutu,desk dolaplar,,,,Hidrofil Sargı Bezi 15cm*10m,,,,,,,,,,,,,
10,,4,1,,desk dolaplar,,,,Tulum,,,,,,,,,,,,,
,,,,,desk dolaplar,,,,,,,,,,,,,,,,,
,,,,,desk dolaplar,,,,desk 2. açık dolap,,,,,,,,,,,,,
,,1,1,,desk dolaplar,,,,şişme atel,,,,,,,,,,,,,
,,4,1,,desk dolaplar,,,,tıbbi atık kutusu,,,,,,,,,,,,,
,,1,1,,desk dolaplar,,,,doğum seti,,,,,,,,,,,,,
,,1,1,,desk dolaplar,,,,cenaze torbası,,,,,,,,,,,,,
,,2,1,,desk dolaplar,,,,Tulum tek kullanımlık,,,,,,,,,,,,,
,,,,,desk dolaplar,,,,,,,,,,,,,,,,,
,,,,,desk dolaplar,,,,,,,,,,,,,,,,,
,,,,,desk dolaplar,,,,desk 3. dolap açık,,,,,,,,,,,,,
,,50,1,2026-05-01 00:00:00,desk dolaplar,,,,Steril spanç gaz kompres hidrofil,,,,,,,,,,,,,
,,1,1,,desk dolaplar,,,,Plusmed ecg cihazı,,,,,,,,,,,,,
,,2,1,,desk dolaplar,,,,batarya,,,,,,,,,,,,,
,,1,1,,desk dolaplar,,,,AED plus zoll,,,,,,,,,,,,,
,,,,,desk dolaplar,,,,pamuk,,,,,,,,,,,,,
,,1,1,,desk dolaplar,,,,aspiratör devillbiss,,,,,,,,,,,,,
Sıra,,Toplam Ürün Kutu Sayısı,Toplam Ürün İçerik Sayısı,Detay,1d1r,,,,,Ürün Adı,,,,,,,,,,,,
1,,2,2,SKT-2026-01:2 kutu,1d1r,,,,,%5 Dekstroz 250 ml.,,,,,,,,,,,,
2,,10,10,"SKT-2027-06:1 kutu, SKT-2026-02:9 kutu",1d1r,,,,,%5 Dekstroz 500 ml.,,,,,,,,,,,,
Sıra,,Toplam Ürün Kutu Sayısı,Toplam Ürün İçerik Sayısı,Detay,1d2r,,,,,,Ürün Adı,,,,,,,,,,,
1,,5,5,"SKT-2026-12:4 kutu, SKT-2027-07:1 kutu",1d2r,,,,,,%0.9 izotonik sodyum klorür 500 ml.,,,,,,,,,,,
2,,6,6,SKT-2026-10:6 kutu,1d2r,,,,,,%0.9 izotonik sodyum klorür 250 ml.,,,,,,,,,,,
Sıra,,Toplam Ürün Kutu Sayısı,Toplam Ürün İçerik Sayısı,Detay,1d3r,,,,,,,Ürün Adı,,,,,,,,,,
1,,2,2,SKT-2025-08:2 kutu,1d3r,,,,,,,İzoleks - P %5 Dekstroz 500 ml.,,,,,,,,,,
2,,6,6,SKT-2025-12:6 kutu,1d3r,,,,,,,İZOLEN DENGELİ 500 ML.,,,,,,,,,,
3,,7,7,SKT-2025-06:7 kutu,1d3r,,,,,,,LAKTATLI RİNGER 500 ML.,,,,,,,,,,
Sıra,,Toplam Ürün Kutu Sayısı,Toplam Ürün İçerik Sayısı,Detay,1d4r,,,,,,,,Ürün Adı,,,,,,,,,
1,,2,2,SKT-2026-11:2 kutu,1d4r,,,,,,,,ENDOTRAKEAL TÜP KAFLI 6 MM.,,,,,,,,,
2,,2,2,SKT-2029-04:2 kutu,1d4r,,,,,,,,ENDOTRAKEAL TÜP KAFLI 7 MM.,,,,,,,,,
3,,2,2,SKT-2028-01:2 kutu,1d4r,,,,,,,,ENDOTRAKEAL TÜP KAFLI 8 MM.,,,,,,,,,
4,,2,2,SKT-2028-12:2 kutu,1d4r,,,,,,,,ENDOTRAKEAL TÜP KAFLI 4 MM.,,,,,,,,,
5,,20,20,"SKT-2026-01:10 kutu, SKT-2026-05:5 kutu, SKT-2028-05:5 kutu",1d4r,,,,,,,,İNFÜZYON SETİ,,,,,,,,,
6,,1,1,SKT-2040-05:1 kutu,1d4r,,,,,,,,AKTİF KARBON TOZ 100 GR,,,,,,,,,
7,,2,1,,1d4r,,,,,,,,TIBBİ ATIK POŞETİ BÜYÜK BOY,,,,,,,,,
8,,1,1,,1d4r,,,,,,,,YANIK SETİ,,,,,,,,,
Sıra,,Toplam Ürün Kutu Sayısı,Toplam Ürün İçerik Sayısı,Detay,1d5r,,,,,,,,,Ürün Adı,,,,,,,,
1,,200,200,SKT-2028-06:200 kutu,1d5r,,,,,,,,,ENJEKTÖR 10 ML.,,,,,,,,
2,,1,100,SKT-2029-03:1 kutu,1d5r,,,,,,,,,Palintest SU WATER TEST REAGENTS,,,,,,,,
3,,1,1,SKT-2019-02:1 kutu,1d5r,,,,,,,,,ULTRASOUND GEJ JEL 1000 ML.,,,,,,,,
Sıra,,Toplam Ürün Kutu Sayısı,Toplam Ürün İçerik Sayısı,Detay,2d1r,,,,,,,,,,Ürün Adı,,,,,,,
1,,1,12,SKT-2027-09:1 kutu,2d1r,,,,,,,,,,NOOTROPIL 1 GR 12 AMPUL,,,,,,,
2,,2,2,"SKT-2026-10:1 kutu, SKT-2027-07:1 kutu",2d1r,,,,,,,,,,PREDNOL-L 250 MG 1 AMPUL,,,,,,,
3,,6,6,"SKT-2027-11:1 kutu, SKT-2027-03:3 kutu, SKT-2028-01:2 kutu",2d1r,,,,,,,,,,PREDNOL-L 40 MG 1 AMPUL,,,,,,,
4,,2,2,SKT-2028-11:2 kutu,2d1r,,,,,,,,,,METPAMID 10 MG 5 AMPUL,,,,,,,
5,,3,18,"SKT-2026-12:1 kutu, SKT-2025-07:1 kutu, SKT-2025-10:1 kutu",2d1r,,,,,,,,,,BUSCOPAN 20 MG/ML ENJEKSIYONLUK COZELTI (6 AMPUL),,,,,,,
6,,1,1,SKT-2025-07:1 kutu,2d1r,,,,,,,,,,CORTIPOL 250 MG I.M./I.V. ENJEKSIYONLUK COZELTI HAZIRLAMAK ICIN TOZ VE COZUCU (1 AMPUL + 1 ENJEKSIYONLUK SU ICEREN AMPUL),,,,,,,
7,,3,15,"SKT-2025-08:1 kutu, SKT-2026-02:1 kutu, SKT-2025-07:1 kutu",2d1r,,,,,,,,,,"TURKTIPSAN FENIRAMIN MALEAT 45,5 MG/2 ML IM/IV ENJEKSIYONLUK COZELTI (5 AMPUL)",,,,,,,
8,,8,8,"SKT-2026-02:1 kutu, SKT-2027-05:3 kutu, SKT-2026-01:2 kutu, SKT-2028-05:1 kutu, SKT-2026-12:1 kutu",2d1r,,,,,,,,,,DEKORT 2 ML 8 MG 1 AMPUL,,,,,,,
9,,1,6,SKT-2026-05:1 kutu,2d1r,,,,,,,,,,MUSCORIL 4 MG 2 ML 6 AMPUL,,,,,,,
10,,2,20,"SKT-2027-01:1 kutu, SKT-2025-10:1 kutu",2d1r,,,,,,,,,,DICLOMEC 3 ML 75 MG 10 AMPUL,,,,,,,
11,,3,30,"SKT-2025-05:2 kutu, SKT-2025-04:1 kutu",2d1r,,,,,,,,,,NOVALGIN 2 ML 10 AMPUL,,,,,,,
12,,1,10,SKT-2027-10:1 kutu,2d1r,,,,,,,,,,MAGNEZYUM SULFAT %15 10 ML,,,,,,,
13,,4,4,"SKT-2026-05:1 kutu, SKT-2026-06:3 kutu",2d1r,,,,,,,,,,OKSAMEN-L 20 MG 1 FLAKON,,,,,,,
14,,3,15,SKT-2025-03:3 kutu,2d1r,,,,,,,,,,LASIX 20 MG/2 ML 5 AMPUL,,,,,,,
15,,1,5,SKT-2024-12:1 kutu,2d1r,,,,,,,,,,DOPADREN 200 MG/5 ML ENJEKSIYONLUK SOLUSYON ICEREN 5 AMPUL,,,,,,,
16,,2,2,SKT-2025-04:2 kutu,2d1r,,,,,,,,,,DILTIZEM 25 MG 1 FLAKON,,,,,,,
17,,1,5,SKT-2027-05:1 kutu,2d1r,,,,,,,,,,FUROMID 20 MG 5 AMPUL,,,,,,,
18,,1,5,SKT-2028-02:1 kutu,2d1r,,,,,,,,,,"DIGOXIN - ASSOS 0,5 MG /2 ML IV ENJEKSIYONLUK COZELTI 5 AMPUL",,,,,,,
Sıra,,Toplam Ürün Kutu Sayısı,Toplam Ürün İçerik Sayısı,Detay,2d2r,,,,,,,,,,,Ürün Adı,,,,,,
1,,1,30,SKT-2025-11:1 kutu,2d2r,,,,,,,,,,,KATARIN 250 MG/100 MG/2 MG 30 KAPSUL,,,,,,
2,,1,30,SKT-2027-09:1 kutu,2d2r,,,,,,,,,,,DIKLORON 25 MG 30 FILM TABLET,,,,,,
3,,2,60,"SKT-2026-12:1 kutu, SKT-2028-10:1 kutu",2d2r,,,,,,,,,,,PAROL 500 MG 30 TABLET,,,,,,
4,,1,10,SKT-2028-12:1 kutu,2d2r,,,,,,,,,,,APRANAX FORTE 550 MG 10 FILM KAPLI TABLET,,,,,,
5,,2,20,SKT-2026-05:2 kutu,2d2r,,,,,,,,,,,LODINE 300 MG 10 FILM TABLET,,,,,,
6,,1,20,SKT-2026-02:1 kutu,2d2r,,,,,,,,,,,ARVELES 25 MG 20 FILM TABLET,,,,,,
7,,1,10,SKT-2027-01:1 kutu,2d2r,,,,,,,,,,,REFLOR 250 MG LIYOFILIZE TOZ ICEREN 10 SASE,,,,,,
8,,2,40,SKT-2024-10:2 kutu,2d2r,,,,,,,,,,,buscopan 10 mg 20 tb,,,,,,
9,,2,60,"SKT-2026-08:1 kutu, SKT-2026-10:1 kutu",2d2r,,,,,,,,,,,METPAMID 10 MG 30 TABLET,,,,,,
10,,1,20,SKT-2025-11:1 kutu,2d2r,,,,,,,,,,,ALLERSET 10 MG FILM KAPLI TABLET (20 FILM KAPLI TABLET),,,,,,
11,,1,20,SKT-2025-12:1 kutu,2d2r,,,,,,,,,,,"AVIL 22,7 MG TABLET",,,,,,
12,,1,20,SKT-2026-03:1 kutu,2d2r,,,,,,,,,,,MUSCORIL 4 MG 20 KAPSUL,,,,,,
13,,2,60,SKT-2025-03:2 kutu,2d2r,,,,,,,,,,,CORDARONE BT 200 MG 30 TABLET,,,,,,
14,,2,80,"SKT-2027-08:1 kutu, SKT-2028-01:1 kutu",2d2r,,,,,,,,,,,"TALCID 0,5 GR 40 CIG.TABLETI",,,,,,
15,,1,50,SKT-2025-06:1 kutu,2d2r,,,,,,,,,,,ISORDIL 5 MG SUBLINGUAL 50 TABLET,,,,,,
16,,1,20,SKT-2025-12:1 kutu,2d2r,,,,,,,,,,,BELOC ZOK 25 MG 20 KONT.SAL.FILM TABLETI,,,,,,
17,,2,96,"SKT-2027-04:1 kutu, SKT-2025-05:1 kutu",2d2r,,,,,,,,,,,KAPRIL 25 MG 48 TABLET,,,,,,
18,,1,30,SKT-2025-09:1 kutu,2d2r,,,,,,,,,,,ECOPIRIN 300 MG 30 ENTERIK KAPLI TABLET,,,,,,
19,,1,30,SKT-2026-02:1 kutu,2d2r,,,,,,,,,,,CORASPIN 300 MG 30 TABLET,,,,,,
20,,1,28,SKT-2026-06:1 kutu,2d2r,,,,,,,,,,,NEXIUM 40 MG ENTERIK KAPLI 28 PELLET TABLET,,,,,,
Sıra,,Toplam Ürün Kutu Sayısı,Toplam Ürün İçerik Sayısı,Detay,2d3r,,,,,,,,,,,,Ürün Adı,,,,,
1,,1,1,SKT-2026-07:1 kutu,2d3r,,,,,,,,,,,,JELGO 50 G JEL,,,,,
2,,1,1,SKT-2027-11:1 kutu,2d3r,,,,,,,,,,,,"FURADERM % 0,2 56 GR POMAD",,,,,
3,,4,80,"SKT-2024-12:2 kutu, SKT-2027-11:1 kutu, SKT-2028-10:1 kutu",2d3r,,,,,,,,,,,,"JETOKAIN 20 MG/ML+0,0125 MG/ML ENJEKSIYONLUK COZELTI",,,,,
4,,2,2,SKT-2024-10:2 kutu,2d3r,,,,,,,,,,,,Clorethyl Soğutucu Sprey,,,,,
5,,2,2,SKT-2026-08:2 kutu,2d3r,,,,,,,,,,,,"TOBSIN % 0,3 5 ML OFTALMIK SOLUSYON",,,,,
6,,1,1,SKT-2025-12:1 kutu,2d3r,,,,,,,,,,,,CITANEST %2 ENJEKSIYONLUK SOLUSYON ICEREN 20 ML 1 FLAKON,,,,,
7,,1,30,SKT-2025-10:1 kutu,2d3r,,,,,,,,,,,,NOVAQUA TEK DOZLUK GOZ DAMLASI 30 FLAKON,,,,,
8,,2,20,SKT-2027-10:2 kutu,2d3r,,,,,,,,,,,,SODYUM BIC.MOL.%8.4 10 ML 10 AMPUL,,,,,
9,,1,1,SKT-2025-12:1 kutu,2d3r,,,,,,,,,,,,SILVERDIN % 1 40 GR KREM,,,,,
10,,1,1,SKT-2026-02:1 kutu,2d3r,,,,,,,,,,,,"TIYOKAS MONO 12,5 MG/1 G JEL (60 G)",,,,,
11,,1,1,SKT-2025-11:1 kutu,2d3r,,,,,,,,,,,,CALPOL 120 MG 150 ML SUSPANSIYON,,,,,
12,,1,5,SKT-2026-01:1 kutu,2d3r,,,,,,,,,,,,CALCIUM PICKEN %10 ENJEKSIYONLUK COZELTI (5 AMPUL),,,,,
13,,34,34,SKT-2026-11:34 kutu,2d3r,,,,,,,,,,,,IV Cannula Mavi Branül,,,,,
14,,1,1,SKT-2029-06:1 kutu,2d3r,,,,,,,,,,,,Airway Yeşil 3/80,,,,,
15,,1,1,SKT-2028-11:1 kutu,2d3r,,,,,,,,,,,,Airway Kırmızı 5/100,,,,,
16,,1,1,SKT-2029-04:1 kutu,2d3r,,,,,,,,,,,,Airway Sarı 4/90,,,,,
17,,1,1,SKT-2029-03:1 kutu,2d3r,,,,,,,,,,,,Airway Siyah 1/60,,,,,
18,,1,1,SKT-2029-04:1 kutu,2d3r,,,,,,,,,,,,Airway Beyaz 2/70,,,,,
19,,1,1,SKT-2028-02:1 kutu,2d3r,,,,,,,,,,,,Airway Mavi 0/50,,,,,
20,,3,3,SKT-2028-07:3 kutu,2d3r,,,,,,,,,,,,İnsülin İğnesi 1 ml BD Micro Fine Plus,,,,,
21,,10,10,SKT-2024-07:10 kutu,2d3r,,,,,,,,,,,,IV Cannula Yeşil Branül Kateter,,,,,
22,,19,19,SKT-2026-11:19 kutu,2d3r,,,,,,,,,,,,IV Cannula Sarı Branül Kateter,,,,,
23,,11,11,SKT-2024-08:11 kutu,2d3r,,,,,,,,,,,,IV Cannula Pembe Branül Kateter,,,,,
24,,4,4,SKT-2024-07:4 kutu,2d3r,,,,,,,,,,,,IV Cannula Mor Branül Kateter,,,,,
Sıra,,Toplam Ürün Kutu Sayısı,Toplam Ürün İçerik Sayısı,Detay,2d4r,,,,,,,,,,,,,Ürün Adı,,,,
1,,50,1,2028-10-01 00:00:00,2d4r,,,,,,,,,,,,,IV Cannula Mavi Branül Kateter,,,,
2,,15,1,2027-06-01 00:00:00,2d4r,,,,,,,,,,,,,IV Cannula Pembe Branül Kateter,,,,
3,,1,1,SKT-2025-02:1 kutu,2d4r,,,,,,,,,,,,,Silikon Foley Sonda 20 FR,,,,
4,,1,1,SKT-3000-12:1 kutu,2d4r,,,,,,,,,,,,,Silikon Foley Sonda 18 FR,,,,
5,,2,2,"SKT-3000-12:1 kutu, SKT-2023-11:1 kutu",2d4r,,,,,,,,,,,,,Silikon Foley Sonda 16 FR,,,,
6,,2,1,2017-12-01 00:00:00,2d4r,,,,,,,,,,,,,Laryngeal Mask adult 4,,,,
7,,2,1,2017-10-01 00:00:00,2d4r,,,,,,,,,,,,,Laryngeal Mask pediatric 2,,,,
8,,5,5,SKT-3000-12:5 kutu,2d4r,,,,,,,,,,,,,Airway Yeşil 3/80,,,,
9,,3,3,"SKT-2018-12:1 kutu, SKT-3000-12:2 kutu",2d4r,,,,,,,,,,,,,Airway Kırmızı 5/100,,,,
10,,2,2,SKT-3000-12:2 kutu,2d4r,,,,,,,,,,,,,Airway Sarı 4/90,,,,
11,,3,3,SKT-3000-12:3 kutu,2d4r,,,,,,,,,,,,,Airway Beyaz 2/70,,,,
12,,1,1,SKT-3000-12:1 kutu,2d4r,,,,,,,,,,,,,Airway Mavi 0/50,,,,
13,,1,1,SKT-3000-12:1 kutu,2d4r,,,,,,,,,,,,,Airway Siyah 1/60,,,,
14,,2,2,SKT-2025-03:2 kutu,2d4r,,,,,,,,,,,,,İdrar Torbası Musluklu 2000 ml.,,,,
15,,1,1,,2d4r,,,,,,,,,,,,,Ambu Seti Erişkin,,,,
16,,1,1,,2d4r,,,,,,,,,,,,,Ambu Seti Pediatrik,,,,
Sıra,,Toplam Ürün Kutu Sayısı,Toplam Ürün İçerik Sayısı,Detay,2d5r,,,,,,,,,,,,,,Ürün Adı,,,
1,,3,144,"SKT-2025-09:2 kutu, SKT-2025-05:1 kutu",2d5r,,,,,,,,,,,,,,KAPRIL 25 MG 48 TABLET,,,
2,,2,12,SKT-2025-10:2 kutu,2d5r,,,,,,,,,,,,,,BUSCOPAN 20 MG/ML ENJEKSIYONLUK COZELTI (6 AMPUL),,,
3,,1,1,SKT-2025-07:1 kutu,2d5r,,,,,,,,,,,,,,"ZADITEN % 0,025 STERIL GOZ DAMLASI 5 ML",,,
4,,2,40,SKT-2025-09:2 kutu,2d5r,,,,,,,,,,,,,,A-FERIN SINUS 20 FILM TABLET,,,
5,,1,30,SKT-2025-11:1 kutu,2d5r,,,,,,,,,,,,,,KATARIN 250 MG/100 MG/2 MG 30 KAPSUL,,,
6,,2,56,SKT-2026-06:2 kutu,2d5r,,,,,,,,,,,,,,NEXIUM 40 MG ENTERIK KAPLI 28 PELLET TABLET,,,
7,,1,20,SKT-2026-09:1 kutu,2d5r,,,,,,,,,,,,,,BRUFEN 400 MG 20 FILM TABLET,,,
8,,1,1,SKT-2026-09:1 kutu,2d5r,,,,,,,,,,,,,,"NETIRA %0,3 GOZ DAMLASI, COZELTI (5 ML)",,,
9,,1,1,SKT-2026-09:1 kutu,2d5r,,,,,,,,,,,,,,CALPOL 120 MG 150 ML SUSPANSIYON,,,
10,,5,150,"SKT-2026-12:1 kutu, SKT-2028-10:4 kutu",2d5r,,,,,,,,,,,,,,PAROL 500 MG 30 TABLET,,,
11,,1,14,SKT-2026-11:1 kutu,2d5r,,,,,,,,,,,,,,ETOL FORT 400 MG 14 FILM TABLET,,,
12,,4,120,SKT-2027-01:4 kutu,2d5r,,,,,,,,,,,,,,DIKLORON 25 MG 30 FILM TABLET,,,
13,,6,240,SKT-2027-08:6 kutu,2d5r,,,,,,,,,,,,,,"TALCID 0,5 GR 40 CIG.TABLETI",,,
14,,4,60,"SKT-2027-09:3 kutu, SKT-2028-09:1 kutu",2d5r,,,,,,,,,,,,,,MAJEZIK 100 MG 15 FILM TABLET,,,
15,,1,1,SKT-2018-10:1 kutu,2d5r,,,,,,,,,,,,,,Aspirasyon Sondası Siyah 10 ch,,,
16,,1,1,SKT-2020-08:1 kutu,2d5r,,,,,,,,,,,,,,Aspirasyon Sondası Turuncu 16 ch,,,
17,,2,2,"SKT-2020-11:1 kutu, SKT-3000-12:1 kutu",2d5r,,,,,,,,,,,,,,Aspirasyon Sondası Yeşil 08 ch,,,
18,,2,2,2018-02-01 00:00:00,2d5r,,,,,,,,,,,,,,Aspirasyon Sondası Mavi  08 ch,,,
19,,4,4,"SKT-2015-12:2 kutu, SKT-3000-12:2 kutu",2d5r,,,,,,,,,,,,,,Nazal Oksijen Kanülü Pediatric/Çocuk,,,
20,,4,4,SKT-3000-12:4 kutu,2d5r,,,,,,,,,,,,,,Oksijen Maskesi Erişkin,,,
21,,16,16,"SKT-2020-04:8 kutu, SKT-3000-12:8 kutu",2d5r,,,,,,,,,,,,,,Nazal Oksijen Kanülü Adult/Yetişkin,,,
22,,4,1,,2d5r,,,,,,,,,,,,,,ambu maskesi yetişkin,,,
23,,2,1,,2d5r,,,,,,,,,,,,,,ambu maskesi çocuk,,,
Sıra,,Toplam Ürün Kutu Sayısı,Toplam Ürün İçerik Sayısı,Detay,3d1r,,,,,,,,,,,,,,,Ürün Adı,,
1,,16,16,"SKT-2024-03:4 kutu, SKT-2026-07:2 kutu, SKT-2027-09:10 kutu",3d1r,,,,,,,,,,,,,,,NAZAL OKSİJEN KANÜLÜ YETİŞKİN,,
2,,7,7,SKT-2027-03:7 kutu,3d1r,,,,,,,,,,,,,,,NAZAL OKSİJEN KANÜLÜ ÇOCUK/PEDİATRİC,,
3,,17,17,"SKT-2026-11:15 kutu, SKT-2026-08:1 kutu, SKT-2025-09:1 kutu",3d1r,,,,,,,,,,,,,,,HAZNELİ OKSİJEN MASKESİ YETİŞKİN,,
4,,8,8,"SKT-2026-08:3 kutu, SKT-2025-09:5 kutu",3d1r,,,,,,,,,,,,,,,OKSİJEN MASKESİ YETİŞKİN,,
5,,4,4,"SKT-2025-05:1 kutu, SKT-2026-11:3 kutu",3d1r,,,,,,,,,,,,,,,HAZNELİ OKSİJEN MASKESİ ÇOCUK,,
6,,2,2,SKT-2026-08:2 kutu,3d1r,,,,,,,,,,,,,,,OKSİJEN MASKESİ ÇOCUK,,
7,,1,1,SKT-2026-11:1 kutu,3d1r,,,,,,,,,,,,,,,Bilinmeyen,,
8,,14,14,"SKT-2024-03:3 kutu, SKT-2026-07:1 kutu, SKT-2027-09:10 kutu",3d1r,,,,,,,,,,,,,,,NAZAL OKSİJEN KANÜLÜ YETİŞKİN,,
9,,5,5,SKT-2027-03:5 kutu,3d1r,,,,,,,,,,,,,,,NAZAL OKSİJEN KANÜLÜ ÇOCUK/PEDİATRİC,,
Sıra,,Toplam Ürün Kutu Sayısı,Toplam Ürün İçerik Sayısı,Detay,DÜ1,,,,,,,,,,,,,,,,Ürün Adı,
1,,4,20,"SKT-2028-10:2 kutu, SKT-2028-11:2 kutu",DÜ1,,,,,,,,,,,,,,,,METPAMID 10 MG 5 AMPUL,
2,,4,20,SKT-2025-08:4 kutu,DÜ1,,,,,,,,,,,,,,,,"AVIL 45,5 MG/2 ML IM/IV ENJEKSIYONLUK COZELTI",
3,,2,60,SKT-2025-11:2 kutu,DÜ1,,,,,,,,,,,,,,,,ECOPIRIN 300 MG 30 ENTERIK KAPLI TABLET,
4,,4,4,SKT-2025-07:4 kutu,DÜ1,,,,,,,,,,,,,,,,CORTIPOL 250 MG I.M./I.V. ENJEKSIYONLUK COZELTI HAZIRLAMAK ICIN TOZ VE COZUCU (1 AMPUL + 1 ENJEKSIYONLUK SU ICEREN AMPUL),
5,,6,168,"SKT-2026-12:3 kutu, SKT-2027-01:3 kutu",DÜ1,,,,,,,,,,,,,,,,NEXIUM 40 MG ENTERIK KAPLI 28 PELLET TABLET,
6,,9,54,SKT-2026-05:9 kutu,DÜ1,,,,,,,,,,,,,,,,MUSCORIL 4 MG 2 ML 6 AMPUL,
7,,4,4,"SKT-2026-02:1 kutu, SKT-2026-06:3 kutu",DÜ1,,,,,,,,,,,,,,,,"TIYOKAS MONO 12,5 MG/1 G JEL (60 G)",
8,,9,180,SKT-2026-02:9 kutu,DÜ1,,,,,,,,,,,,,,,,ARVELES 25 MG 20 FILM TABLET,
9,,8,160,"SKT-2026-03:6 kutu, SKT-2026-02:2 kutu",DÜ1,,,,,,,,,,,,,,,,MUSCORIL 4 MG 20 KAPSUL,
10,,5,5,SKT-2026-12:5 kutu,DÜ1,,,,,,,,,,,,,,,,ANESTOL %5 MERHEM,
11,,4,24,SKT-2026-12:4 kutu,DÜ1,,,,,,,,,,,,,,,,BUSCOPAN 20 MG/ML ENJEKSIYONLUK COZELTI (6 AMPUL),
12,,3,60,SKT-2027-02:3 kutu,DÜ1,,,,,,,,,,,,,,,,BRUFEN 600 MG 20 FILM TABLET,
13,,7,210,"SKT-2027-10:5 kutu, SKT-2027-09:2 kutu",DÜ1,,,,,,,,,,,,,,,,KATARIN 250 MG/100 MG/2 MG 30 KAPSUL,
14,,4,4,SKT-2027-11:4 kutu,DÜ1,,,,,,,,,,,,,,,,"FURADERM % 0,2 56 GR POMAD",
15,,4,40,SKT-2027-01:4 kutu,DÜ1,,,,,,,,,,,,,,,,DICLOMEC 3 ML 75 MG 10 AMPUL,
16,,5,100,SKT-2027-03:5 kutu,DÜ1,,,,,,,,,,,,,,,,BUSCOPAN 10 MG KAPLI TABLET (20 TABLET),
17,,2,20,SKT-2027-01:2 kutu,DÜ1,,,,,,,,,,,,,,,,REFLOR 250 MG LIYOFILIZE TOZ ICEREN 10 SASE,
18,,7,210,SKT-2028-12:7 kutu,DÜ1,,,,,,,,,,,,,,,,A-FERIN FORTE 650 MG 30 TABLET,
19,,6,240,SKT-2028-04:6 kutu,DÜ1,,,,,,,,,,,,,,,,"TALCID 0,5 GR 40 CIG.TABLETI",
20,,2,60,SKT-2028-05:2 kutu,DÜ1,,,,,,,,,,,,,,,,DIKLORON 25 MG 30 FILM TABLET,
21,,9,90,SKT-2028-12:9 kutu,DÜ1,,,,,,,,,,,,,,,,APRANAX FORTE 550 MG 10 FILM KAPLI TABLET,
22,,5,5,SKT-2028-02:5 kutu,DÜ1,,,,,,,,,,,,,,,,SILVERDIN % 1 40 GR KREM,
23,,4,4,SKT-2028-01:4 kutu,DÜ1,,,,,,,,,,,,,,,,DICLOMEC %1 50 GR JEL,
24,,4,120,SKT-2029-08:4 kutu,DÜ1,,,,,,,,,,,,,,,,PAROL 500 MG 30 TABLET,
25,,3,90,SKT-2029-04:3 kutu,DÜ1,,,,,,,,,,,,,,,,METPAMID 10 MG 30 TABLET,
Sıra,,Toplam Ürün Kutu Sayısı,Toplam Ürün İçerik Sayısı,Detay,DÜ2,,,,,,,,,,,,,,,,,Ürün Adı
1,,170,170,SKT-2029-02:170 kutu,DÜ2,,,,,,,,,,,,,,,,,ENJEKTÖR 5ML.
