Sıra,Ürün Adı,Toplam Ürün Kutu Sayısı,Toplam Ürün İçerik Sayısı,Detay,yer,SheetName,Unnamed: 6
1.0,SEDEVER 5MG/5ML 5 AMP.,1,3,SKT-2026-04:1 kutu,NARKOTİK İLAÇ ÇEKMECESİ,N.ÇEKMECESİ,
2.0,DIAKSI 5 MG /2.5 ML REKTAL COZELTI,1,3,SKT-2026-05:1 kutu,NARKOTİK İLAÇ ÇEKMECESİ,N.ÇEKMECESİ,
3.0,ATROPİN 1MG/1ML 10 AMP.,1,10,SKT-2026-07:1 kutu,NARKOTİK İLAÇ ÇEKMECESİ,N.ÇEKMECESİ,
4.0,ADRENALIN 1 MG 10 AMPUL,1,10,SKT-2028-03:1 kutu,NARKOTİK İLAÇ ÇEKMECESİ,N.ÇEKMECESİ,
5.0,"ADRENALIN 0,5 MG 10 AMPUL",6,54,"SKT-2027-04:3 kutu, SKT-2027-01:2 kutu, SKT-2028-03:1 kutu",NARKOTİK İLAÇ ÇEKMECESİ,N.ÇEKMECESİ,
6.0,PETHOLAN 100 MG/2ML 5 AMP.,2,7,"SKT-2027-02:1 kutu, SKT-2026-09:1 kutu",NARKOTİK İLAÇ ÇEKMECESİ,N.ÇEKMECESİ,
7.0,LARGACTIL 25 MG ENJEKSIYONLUK/INFUZYONLUK COZELTI ICEREN AMPUL (10 AMPUL),1,2,SKT-2027-01:1 kutu,NARKOTİK İLAÇ ÇEKMECESİ,N.ÇEKMECESİ,
8.0,ATROPIN GALEN 1 MG 10 AMPUL,2,11,SKT-2026-09:2 kutu,NARKOTİK İLAÇ ÇEKMECESİ,N.ÇEKMECESİ,
9.0,"ATROPIN GALEN 0,5 MG 10 AMPUL",1,1,SKT-2026-09:1 kutu,NARKOTİK İLAÇ ÇEKMECESİ,N.ÇEKMECESİ,
10.0,NORODOL 5 MG 5 AMPUL,1,2,SKT-2026-08:1 kutu,NARKOTİK İLAÇ ÇEKMECESİ,N.ÇEKMECESİ,
11.0,AKINETON 5 MG/ML ENJEKSIYON ICIN SOLUSYON ICEREN 1 ML X 5 AMPUL,1,4,SKT-2027-11:1 kutu,NARKOTİK İLAÇ ÇEKMECESİ,N.ÇEKMECESİ,
12.0,DRAMAMINE 50 MG 12 TABLET,1,8,SKT-2026-02:1 kutu,NARKOTİK İLAÇ ÇEKMECESİ,N.ÇEKMECESİ,
13.0,CONTRAMAL 100 MG/2ML AMP,1,2,SKT-2025-05:1 kutu,NARKOTİK İLAÇ ÇEKMECESİ,N.ÇEKMECESİ,
14.0,MORFİN 0.01MG/1ML AMP.,1,2,SKT-2025-06:1 kutu,NARKOTİK İLAÇ ÇEKMECESİ,N.ÇEKMECESİ,
15.0,DİAZEM 10MG/2ML AMP.,1,2,SKT-2026-05:1 kutu,NARKOTİK İLAÇ ÇEKMECESİ,N.ÇEKMECESİ,
1.0,Tahta Dil Basacağı,1,100,SKT-3000-12:1 kutu,desk üzeri,deskÜstü,
2.0,Batiderm %10 Povidon İyot 1000 ml.,1,1,SKT-2025-03:1 kutu,desk üzeri,deskÜstü,
3.0,Etil Alkol 70' Base Cologne 1000 ml.,1,1,SKT-2029-01:1 kutu,desk üzeri,deskÜstü,
4.0,El Dezenfektanı Dermosept Handplus 1000 ml.,1,1,SKT-3000-12:1 kutu,desk üzeri,deskÜstü,
5.0,Oksijenli Su Dermosept 1000 ml.,1,1,SKT-2025-05:1 kutu,desk üzeri,deskÜstü,
6.0,Zephirafix Fort Çözelti 1000 ml.,1,1,SKT-3000-12:1 kutu,desk üzeri,deskÜstü,
7.0,Alkollü Mendil,1,100,SKT-2029-07:1 kutu,desk üzeri,deskÜstü,
8.0,Atropin,0,0,yok,desk üzeri,deskÜstü,
9.0,Novalgin,9,1,2025-05-01 00:00:00,desk üzeri,deskÜstü,
10.0,Avil,4,1,2025-08-01 00:00:00,desk üzeri,deskÜstü,
11.0,Türktıpsan Feniramin,6,1,2025-08-01 00:00:00,desk üzeri,deskÜstü,
12.0,Dekort,3,1,2026-02-01 00:00:00,desk üzeri,deskÜstü,
13.0,Metpamid,3,1,2027-12-01 00:00:00,desk üzeri,deskÜstü,
14.0,Bemiks,0,0,yok,desk üzeri,deskÜstü,
15.0,Redoxan,0,0,yok,desk üzeri,deskÜstü,
16.0,Dicloron,7,1,2025-10-01 00:00:00,desk üzeri,deskÜstü,
17.0,Muscoflex,1,1,2028-04-01 00:00:00,desk üzeri,deskÜstü,
18.0,Lasix,3,1,2025-03-01 00:00:00,desk üzeri,deskÜstü,
19.0,Buscopan,9,1,2025-07-01 00:00:00,desk üzeri,deskÜstü,
20.0,Portatif Defibrilatör Cihaz Primedic Defi Monitor,1,1,yok,desk üzeri,deskÜstü,
21.0,Defibrilatör (elektroşok) Cardiolife Actibiphasic Nihon Kohden,1,1,yok,desk üzeri,deskÜstü,
22.0,EKG Cihazı Mindray BeneHeart R12,1,1,yok,desk üzeri,deskÜstü,
23.0,Büyük Oksijen Tüpü,1,1,yok,desk üzeri,deskÜstü,
24.0,Küçük ksijen Tüpü,1,1,yok,desk üzeri,deskÜstü,
25.0,Portatif Oksijen Tüpü,1,1,yok,desk üzeri,deskÜstü,
1.0,spançlar,1,1,yok,1. çekmece,deskÇekmeceler,
2.0,makas,1,1,yok,1. çekmece,deskÇekmeceler,
3.0,oksijen maskeleri,1,1,yok,2. çekmece,deskÇekmeceler,
4.0,laringoskop seti,1,1,yok,2. çekmece,deskÇekmeceler,
5.0,laringoskop seti,1,1,yok,3. çekmece,deskÇekmeceler,
6.0,damaryolu malzemeleri,1,1,yok,3. çekmece,deskÇekmeceler,
7.0,ateş ölçer,1,1,yok,3. çekmece,deskÇekmeceler,
8.0,ekg elektrodu,1,1,yok,3. çekmece,deskÇekmeceler,
1.0,Enjektör 10 ml.,1,100,SKT-2027-12:1 kutu,desk 1. dolap,deskDolaplar,
2.0,Steril Emici Spanç Kompres b-good 4 kat 20*5,4,80,SKT-2027-10:4 kutu,desk 1. dolap,deskDolaplar,
3.0,Steril Pamuklu Ped 12cm*24cm,4,4,SKT-2024-09:4 kutu,desk 1. dolap,deskDolaplar,
4.0,Steril Pamuklu Ped 10cm*10cm tekli paket,100,100,SKT-2026-06:100 kutu,desk 1. dolap,deskDolaplar,
5.0,Elastik Bandaj Hypoallergenic ArtıMed 15*150cm,2,2,SKT-3000-12:2 kutu,desk 1. dolap,deskDolaplar,
6.0,Elastik Bandaj Hypoallergenic ArtıMed 20*150cm,3,3,SKT-3000-12:3 kutu,desk 1. dolap,deskDolaplar,
7.0,Elastik Bandaj Hypoallergenic ArtıMed 10*150cm,2,2,SKT-3000-12:2 kutu,desk 1. dolap,deskDolaplar,
8.0,Elastik Bandaj Hypoallergenic ArtıMed 6*150cm,4,4,SKT-3000-12:4 kutu,desk 1. dolap,deskDolaplar,
9.0,Hidrofil Sargı Bezi 15cm*10m,6,6,SKT-2019-01:6 kutu,desk 1. dolap,deskDolaplar,
10.0,Tulum,4,1,yok,desk 1. dolap,deskDolaplar,
11.0,şişme atel,1,1,yok,desk 2. açık dolap,deskDolaplar,
12.0,tıbbi atık kutusu,4,1,yok,desk 2. açık dolap,deskDolaplar,
13.0,doğum seti,1,1,yok,desk 2. açık dolap,deskDolaplar,
14.0,cenaze torbası,1,1,yok,desk 2. açık dolap,deskDolaplar,
15.0,Tulum tek kullanımlık,2,1,yok,desk 2. açık dolap,deskDolaplar,
16.0,Steril spanç gaz kompres hidrofil,50,1,2026-05-01 00:00:00,desk 3. dolap açık,deskDolaplar,
17.0,Plusmed ecg cihazı,1,1,yok,desk 3. dolap açık,deskDolaplar,
18.0,batarya,2,1,yok,desk 3. dolap açık,deskDolaplar,
19.0,AED plus zoll,1,1,yok,desk 3. dolap açık,deskDolaplar,
20.0,pamuk,1,1,yok,desk 3. dolap açık,deskDolaplar,
21.0,aspiratör devillbiss,1,1,yok,desk 3. dolap açık,deskDolaplar,
1.0,%5 Dekstroz 250 ml.,2,2,SKT-2026-01:2 kutu,1. dolap 1. raf,1d1r,
2.0,%5 Dekstroz 500 ml.,10,10,"SKT-2027-06:1 kutu, SKT-2026-02:9 kutu",1. dolap 1. raf,1d1r,
1.0,%0.9 izotonik sodyum klorür 500 ml.,5,5,"SKT-2026-12:4 kutu, SKT-2027-07:1 kutu",1. Dolap 2. Raf,1d2r,
2.0,%0.9 izotonik sodyum klorür 250 ml.,6,6,SKT-2026-10:6 kutu,1. Dolap 2. Raf,1d2r,
1.0,İzoleks - P %5 Dekstroz 500 ml.,2,2,SKT-2025-08:2 kutu,1. dolap 3. raf,1d3r,
2.0,İZOLEN DENGELİ 500 ML.,6,6,SKT-2025-12:6 kutu,1. dolap 3. raf,1d3r,
3.0,LAKTATLI RİNGER 500 ML.,7,7,SKT-2025-06:7 kutu,1. dolap 3. raf,1d3r,
1.0,ENDOTRAKEAL TÜP KAFLI 6 MM.,2,2,SKT-2026-11:2 kutu,1. dolap 4. raf,1d4r,
2.0,ENDOTRAKEAL TÜP KAFLI 7 MM.,2,2,SKT-2029-04:2 kutu,1. dolap 4. raf,1d4r,
3.0,ENDOTRAKEAL TÜP KAFLI 8 MM.,2,2,SKT-2028-01:2 kutu,1. dolap 4. raf,1d4r,
4.0,ENDOTRAKEAL TÜP KAFLI 4 MM.,2,2,SKT-2028-12:2 kutu,1. dolap 4. raf,1d4r,
5.0,İNFÜZYON SETİ,20,20,"SKT-2026-01:10 kutu, SKT-2026-05:5 kutu, SKT-2028-05:5 kutu",1. dolap 4. raf,1d4r,
6.0,AKTİF KARBON TOZ 100 GR,1,1,SKT-2040-05:1 kutu,1. dolap 4. raf,1d4r,
7.0,TIBBİ ATIK POŞETİ BÜYÜK BOY,2,1,yok,1. dolap 4. raf,1d4r,
8.0,YANIK SETİ,1,1,yok,1. dolap 4. raf,1d4r,
1.0,ENJEKTÖR 10 ML.,200,200,SKT-2028-06:200 kutu,1. dolap 5. raf,1d5r,
2.0,Palintest SU WATER TEST REAGENTS,1,100,SKT-2029-03:1 kutu,1. dolap 5. raf,1d5r,
3.0,ULTRASOUND GEJ JEL 1000 ML.,1,1,SKT-2019-02:1 kutu,1. dolap 5. raf,1d5r,
1.0,NOOTROPIL 1 GR 12 AMPUL,1,12,SKT-2027-09:1 kutu,2. Dolap 1. Raf,2d1r,
2.0,PREDNOL-L 250 MG 1 AMPUL,2,2,"SKT-2026-10:1 kutu, SKT-2027-07:1 kutu",2. Dolap 1. Raf,2d1r,
3.0,PREDNOL-L 40 MG 1 AMPUL,6,6,"SKT-2027-11:1 kutu, SKT-2027-03:3 kutu, SKT-2028-01:2 kutu",2. Dolap 1. Raf,2d1r,
4.0,METPAMID 10 MG 5 AMPUL,2,2,SKT-2028-11:2 kutu,2. Dolap 1. Raf,2d1r,
5.0,BUSCOPAN 20 MG/ML ENJEKSIYONLUK COZELTI (6 AMPUL),3,18,"SKT-2026-12:1 kutu, SKT-2025-07:1 kutu, SKT-2025-10:1 kutu",2. Dolap 1. Raf,2d1r,
6.0,CORTIPOL 250 MG I.M./I.V. ENJEKSIYONLUK COZELTI HAZIRLAMAK ICIN TOZ VE COZUCU (1 AMPUL + 1 ENJEKSIYONLUK SU ICEREN AMPUL),1,1,SKT-2025-07:1 kutu,2. Dolap 1. Raf,2d1r,
7.0,"TURKTIPSAN FENIRAMIN MALEAT 45,5 MG/2 ML IM/IV ENJEKSIYONLUK COZELTI (5 AMPUL)",3,15,"SKT-2025-08:1 kutu, SKT-2026-02:1 kutu, SKT-2025-07:1 kutu",2. Dolap 1. Raf,2d1r,
8.0,DEKORT 2 ML 8 MG 1 AMPUL,8,8,"SKT-2026-02:1 kutu, SKT-2027-05:3 kutu, SKT-2026-01:2 kutu, SKT-2028-05:1 kutu, SKT-2026-12:1 kutu",2. Dolap 1. Raf,2d1r,
9.0,MUSCORIL 4 MG 2 ML 6 AMPUL,1,6,SKT-2026-05:1 kutu,2. Dolap 1. Raf,2d1r,
10.0,DICLOMEC 3 ML 75 MG 10 AMPUL,2,20,"SKT-2027-01:1 kutu, SKT-2025-10:1 kutu",2. Dolap 1. Raf,2d1r,
11.0,NOVALGIN 2 ML 10 AMPUL,3,30,"SKT-2025-05:2 kutu, SKT-2025-04:1 kutu",2. Dolap 1. Raf,2d1r,
12.0,MAGNEZYUM SULFAT %15 10 ML,1,10,SKT-2027-10:1 kutu,2. Dolap 1. Raf,2d1r,
13.0,OKSAMEN-L 20 MG 1 FLAKON,4,4,"SKT-2026-05:1 kutu, SKT-2026-06:3 kutu",2. Dolap 1. Raf,2d1r,
14.0,LASIX 20 MG/2 ML 5 AMPUL,3,15,SKT-2025-03:3 kutu,2. Dolap 1. Raf,2d1r,
15.0,DOPADREN 200 MG/5 ML ENJEKSIYONLUK SOLUSYON ICEREN 5 AMPUL,0,0,SKT-2024-12:1 kutu,2. Dolap 1. Raf,2d1r,ÇIKARILDI
16.0,DILTIZEM 25 MG 1 FLAKON,2,2,SKT-2025-04:2 kutu,2. Dolap 1. Raf,2d1r,
17.0,FUROMID 20 MG 5 AMPUL,1,5,SKT-2027-05:1 kutu,2. Dolap 1. Raf,2d1r,
18.0,"DIGOXIN - ASSOS 0,5 MG /2 ML IV ENJEKSIYONLUK COZELTI 5 AMPUL",1,5,SKT-2028-02:1 kutu,2. Dolap 1. Raf,2d1r,
1.0,KATARIN 250 MG/100 MG/2 MG 30 KAPSUL,1,30,SKT-2025-11:1 kutu,2. dolap 2. raf,2d2r,
2.0,DIKLORON 25 MG 30 FILM TABLET,1,30,SKT-2027-09:1 kutu,2. dolap 2. raf,2d2r,
3.0,PAROL 500 MG 30 TABLET,2,60,"SKT-2026-12:1 kutu, SKT-2028-10:1 kutu",2. dolap 2. raf,2d2r,
4.0,APRANAX FORTE 550 MG 10 FILM KAPLI TABLET,1,10,SKT-2028-12:1 kutu,2. dolap 2. raf,2d2r,
5.0,LODINE 300 MG 10 FILM TABLET,2,20,SKT-2026-05:2 kutu,2. dolap 2. raf,2d2r,
6.0,ARVELES 25 MG 20 FILM TABLET,1,20,SKT-2026-02:1 kutu,2. dolap 2. raf,2d2r,
7.0,REFLOR 250 MG LIYOFILIZE TOZ ICEREN 10 SASE,1,10,SKT-2027-01:1 kutu,2. dolap 2. raf,2d2r,
8.0,buscopan 10 mg 20 tb,0,0,-,2. dolap 2. raf,2d2r,
9.0,METPAMID 10 MG 30 TABLET,2,60,"SKT-2026-08:1 kutu, SKT-2026-10:1 kutu",2. dolap 2. raf,2d2r,
10.0,ALLERSET 10 MG FILM KAPLI TABLET (20 FILM KAPLI TABLET),1,20,SKT-2025-11:1 kutu,2. dolap 2. raf,2d2r,
11.0,"AVIL 22,7 MG TABLET",1,20,SKT-2025-12:1 kutu,2. dolap 2. raf,2d2r,
12.0,MUSCORIL 4 MG 20 KAPSUL,1,20,SKT-2026-03:1 kutu,2. dolap 2. raf,2d2r,
13.0,CORDARONE BT 200 MG 30 TABLET,2,60,SKT-2025-03:2 kutu,2. dolap 2. raf,2d2r,
14.0,"TALCID 0,5 GR 40 CIG.TABLETI",2,80,"SKT-2027-08:1 kutu, SKT-2028-01:1 kutu",2. dolap 2. raf,2d2r,
15.0,ISORDIL 5 MG SUBLINGUAL 50 TABLET,1,50,SKT-2025-06:1 kutu,2. dolap 2. raf,2d2r,
16.0,BELOC ZOK 25 MG 20 KONT.SAL.FILM TABLETI,1,20,SKT-2025-12:1 kutu,2. dolap 2. raf,2d2r,
17.0,KAPRIL 25 MG 48 TABLET,2,96,"SKT-2027-04:1 kutu, SKT-2025-05:1 kutu",2. dolap 2. raf,2d2r,
18.0,ECOPIRIN 300 MG 30 ENTERIK KAPLI TABLET,1,30,SKT-2025-09:1 kutu,2. dolap 2. raf,2d2r,
19.0,CORASPIN 300 MG 30 TABLET,1,30,SKT-2026-02:1 kutu,2. dolap 2. raf,2d2r,
20.0,NEXIUM 40 MG ENTERIK KAPLI 28 PELLET TABLET,1,28,SKT-2026-06:1 kutu,2. dolap 2. raf,2d2r,
1.0,JELGO 50 G JEL,1,1,SKT-2026-07:1 kutu,2. dolap 3. raf,2d3r,
2.0,"FURADERM % 0,2 56 GR POMAD",1,1,SKT-2027-11:1 kutu,2. dolap 3. raf,2d3r,
3.0,"JETOKAIN 20 MG/ML+0,0125 MG/ML ENJEKSIYONLUK COZELTI",4,80,"SKT-2024-12:2 kutu, SKT-2027-11:1 kutu, SKT-2028-10:1 kutu",2. dolap 3. raf,2d3r,
4.0,Clorethyl Soğutucu Sprey,2,2,SKT-2024-10:2 kutu,2. dolap 3. raf,2d3r,
5.0,"TOBSIN % 0,3 5 ML OFTALMIK SOLUSYON",2,2,SKT-2026-08:2 kutu,2. dolap 3. raf,2d3r,
6.0,CITANEST %2 ENJEKSIYONLUK SOLUSYON ICEREN 20 ML 1 FLAKON,1,1,SKT-2025-12:1 kutu,2. dolap 3. raf,2d3r,
7.0,NOVAQUA TEK DOZLUK GOZ DAMLASI 30 FLAKON,1,30,SKT-2025-10:1 kutu,2. dolap 3. raf,2d3r,
8.0,SODYUM BIC.MOL.%8.4 10 ML 10 AMPUL,2,20,SKT-2027-10:2 kutu,2. dolap 3. raf,2d3r,
9.0,SILVERDIN % 1 40 GR KREM,1,1,SKT-2025-12:1 kutu,2. dolap 3. raf,2d3r,
10.0,"TIYOKAS MONO 12,5 MG/1 G JEL (60 G)",1,1,SKT-2026-02:1 kutu,2. dolap 3. raf,2d3r,
11.0,CALPOL 120 MG 150 ML SUSPANSIYON,1,1,SKT-2025-11:1 kutu,2. dolap 3. raf,2d3r,
12.0,CALCIUM PICKEN %10 ENJEKSIYONLUK COZELTI (5 AMPUL),1,5,SKT-2026-01:1 kutu,2. dolap 3. raf,2d3r,
13.0,IV Cannula Mavi Branül,34,34,SKT-2026-11:34 kutu,2. dolap 3. raf,2d3r,
14.0,Airway Yeşil 3/80,1,1,SKT-2029-06:1 kutu,2. dolap 3. raf,2d3r,
15.0,Airway Kırmızı 5/100,1,1,SKT-2028-11:1 kutu,2. dolap 3. raf,2d3r,
16.0,Airway Sarı 4/90,1,1,SKT-2029-04:1 kutu,2. dolap 3. raf,2d3r,
17.0,Airway Siyah 1/60,1,1,SKT-2029-03:1 kutu,2. dolap 3. raf,2d3r,
18.0,Airway Beyaz 2/70,1,1,SKT-2029-04:1 kutu,2. dolap 3. raf,2d3r,
19.0,Airway Mavi 0/50,1,1,SKT-2028-02:1 kutu,2. dolap 3. raf,2d3r,
20.0,İnsülin İğnesi 1 ml BD Micro Fine Plus,3,3,SKT-2028-07:3 kutu,2. dolap 3. raf,2d3r,
21.0,IV Cannula Yeşil Branül Kateter,10,10,SKT-2024-07:10 kutu,2. dolap 3. raf,2d3r,
22.0,IV Cannula Sarı Branül Kateter,19,19,SKT-2026-11:19 kutu,2. dolap 3. raf,2d3r,
23.0,IV Cannula Pembe Branül Kateter,11,11,SKT-2024-08:11 kutu,2. dolap 3. raf,2d3r,
24.0,IV Cannula Mor Branül Kateter,4,4,SKT-2024-07:4 kutu,2. dolap 3. raf,2d3r,
1.0,IV Cannula Mavi Branül Kateter,50,1,2028-10-01 00:00:00,2. dolap 4. raf,2d4r,
2.0,IV Cannula Pembe Branül Kateter,15,1,2027-06-01 00:00:00,2. dolap 4. raf,2d4r,
3.0,Silikon Foley Sonda 20 FR,1,1,SKT-2025-02:1 kutu,2. dolap 4. raf,2d4r,
4.0,Silikon Foley Sonda 18 FR,1,1,SKT-3000-12:1 kutu,2. dolap 4. raf,2d4r,
5.0,Silikon Foley Sonda 16 FR,2,2,"SKT-3000-12:1 kutu, SKT-2023-11:1 kutu",2. dolap 4. raf,2d4r,
6.0,Laryngeal Mask adult 4,2,1,2017-12-01 00:00:00,2. dolap 4. raf,2d4r,
7.0,Laryngeal Mask pediatric 2,2,1,2017-10-01 00:00:00,2. dolap 4. raf,2d4r,
8.0,Airway Yeşil 3/80,5,5,SKT-3000-12:5 kutu,2. dolap 4. raf,2d4r,
9.0,Airway Kırmızı 5/100,3,3,"SKT-2018-12:1 kutu, SKT-3000-12:2 kutu",2. dolap 4. raf,2d4r,
10.0,Airway Sarı 4/90,2,2,SKT-3000-12:2 kutu,2. dolap 4. raf,2d4r,
11.0,Airway Beyaz 2/70,3,3,SKT-3000-12:3 kutu,2. dolap 4. raf,2d4r,
12.0,Airway Mavi 0/50,1,1,SKT-3000-12:1 kutu,2. dolap 4. raf,2d4r,
13.0,Airway Siyah 1/60,1,1,SKT-3000-12:1 kutu,2. dolap 4. raf,2d4r,
14.0,İdrar Torbası Musluklu 2000 ml.,2,2,SKT-2025-03:2 kutu,2. dolap 4. raf,2d4r,
15.0,Ambu Seti Erişkin,1,1,yok,2. dolap 4. raf,2d4r,
16.0,Ambu Seti Pediatrik,1,1,yok,2. dolap 4. raf,2d4r,
1.0,KAPRIL 25 MG 48 TABLET,3,144,"SKT-2025-09:2 kutu, SKT-2025-05:1 kutu",2. dolap 5. raf kutu,2d5r,
2.0,BUSCOPAN 20 MG/ML ENJEKSIYONLUK COZELTI (6 AMPUL),2,12,SKT-2025-10:2 kutu,2. dolap 5. raf kutu,2d5r,
3.0,"ZADITEN % 0,025 STERIL GOZ DAMLASI 5 ML",1,1,SKT-2025-07:1 kutu,2. dolap 5. raf kutu,2d5r,
4.0,A-FERIN SINUS 20 FILM TABLET,2,40,SKT-2025-09:2 kutu,2. dolap 5. raf kutu,2d5r,
5.0,KATARIN 250 MG/100 MG/2 MG 30 KAPSUL,1,30,SKT-2025-11:1 kutu,2. dolap 5. raf kutu,2d5r,
6.0,NEXIUM 40 MG ENTERIK KAPLI 28 PELLET TABLET,2,56,SKT-2026-06:2 kutu,2. dolap 5. raf kutu,2d5r,
7.0,BRUFEN 400 MG 20 FILM TABLET,1,20,SKT-2026-09:1 kutu,2. dolap 5. raf kutu,2d5r,
8.0,"NETIRA %0,3 GOZ DAMLASI, COZELTI (5 ML)",1,1,SKT-2026-09:1 kutu,2. dolap 5. raf kutu,2d5r,
9.0,CALPOL 120 MG 150 ML SUSPANSIYON,1,1,SKT-2026-09:1 kutu,2. dolap 5. raf kutu,2d5r,
10.0,PAROL 500 MG 30 TABLET,5,150,"SKT-2026-12:1 kutu, SKT-2028-10:4 kutu",2. dolap 5. raf kutu,2d5r,
11.0,ETOL FORT 400 MG 14 FILM TABLET,1,14,SKT-2026-11:1 kutu,2. dolap 5. raf kutu,2d5r,
12.0,DIKLORON 25 MG 30 FILM TABLET,4,120,SKT-2027-01:4 kutu,2. dolap 5. raf kutu,2d5r,
13.0,"TALCID 0,5 GR 40 CIG.TABLETI",6,240,SKT-2027-08:6 kutu,2. dolap 5. raf kutu,2d5r,
14.0,MAJEZIK 100 MG 15 FILM TABLET,4,60,"SKT-2027-09:3 kutu, SKT-2028-09:1 kutu",2. dolap 5. raf kutu,2d5r,
15.0,Aspirasyon Sondası Siyah 10 ch,1,1,SKT-2018-10:1 kutu,2. dolap 5. raf kutu,2d5r,
16.0,Aspirasyon Sondası Turuncu 16 ch,1,1,SKT-2020-08:1 kutu,2. dolap 5. raf kutu,2d5r,
17.0,Aspirasyon Sondası Yeşil 08 ch,2,2,"SKT-2020-11:1 kutu, SKT-3000-12:1 kutu",2. dolap 5. raf kutu,2d5r,
18.0,Aspirasyon Sondası Mavi  08 ch,2,2,2018-02-01 00:00:00,2. dolap 5. raf kutu,2d5r,
19.0,Nazal Oksijen Kanülü Pediatric/Çocuk,4,4,"SKT-2015-12:2 kutu, SKT-3000-12:2 kutu",2. dolap 5. raf kutu,2d5r,
20.0,Oksijen Maskesi Erişkin,4,4,SKT-3000-12:4 kutu,2. dolap 5. raf kutu,2d5r,
21.0,Nazal Oksijen Kanülü Adult/Yetişkin,16,16,"SKT-2020-04:8 kutu, SKT-3000-12:8 kutu",2. dolap 5. raf kutu,2d5r,
22.0,ambu maskesi yetişkin,4,1,yok,2. dolap 5. raf kutu,2d5r,
23.0,ambu maskesi çocuk,2,1,yok,2. dolap 5. raf kutu,2d5r,
1.0,NAZAL OKSİJEN KANÜLÜ YETİŞKİN,16,16,"SKT-2024-03:4 kutu, SKT-2026-07:2 kutu, SKT-2027-09:10 kutu",3. DOLAP 1. RAF,3d1r,
2.0,NAZAL OKSİJEN KANÜLÜ ÇOCUK/PEDİATRİC,7,7,SKT-2027-03:7 kutu,3. DOLAP 1. RAF,3d1r,
3.0,HAZNELİ OKSİJEN MASKESİ YETİŞKİN,17,17,"SKT-2026-11:15 kutu, SKT-2026-08:1 kutu, SKT-2025-09:1 kutu",3. DOLAP 1. RAF,3d1r,
4.0,OKSİJEN MASKESİ YETİŞKİN,8,8,"SKT-2026-08:3 kutu, SKT-2025-09:5 kutu",3. DOLAP 1. RAF,3d1r,
5.0,HAZNELİ OKSİJEN MASKESİ ÇOCUK,4,4,"SKT-2025-05:1 kutu, SKT-2026-11:3 kutu",3. DOLAP 1. RAF,3d1r,
6.0,OKSİJEN MASKESİ ÇOCUK,2,2,SKT-2026-08:2 kutu,3. DOLAP 1. RAF,3d1r,
7.0,OKSİJEN MASKESİ ÇOCUK,1,1,SKT-2026-11:1 kutu,3. DOLAP 1. RAF,3d1r,
8.0,NAZAL OKSİJEN KANÜLÜ YETİŞKİN,14,14,"SKT-2024-03:3 kutu, SKT-2026-07:1 kutu, SKT-2027-09:10 kutu",3. DOLAP 1. RAF,3d1r,
9.0,NAZAL OKSİJEN KANÜLÜ ÇOCUK/PEDİATRİC,5,5,SKT-2027-03:5 kutu,3. DOLAP 1. RAF,3d1r,
1.0,BİSTÜRİ UCU 15 100 ADET,1,100,SKT-2028-03:1 kutu,3. dolap 2. raf,3d2r,
2.0,ULTRASOUND GEJ JEL 1000 ML.,1,1,SKT-2019-03:1 kutu,3. dolap 2. raf,3d2r,
3.0,TAHTA DİL BASACAĞI ABESLANG 100'LÜ,1,100,SKT-2028-01:1 kutu,3. dolap 2. raf,3d2r,
4.0,EKG ELEKTROT,3,3,"SKT-2020-05:1 kutu, SKT-2025-01:2 kutu",3. dolap 2. raf,3d2r,
5.0,BATİDERM %10 POVİDON İYOT 1000ML,1,1,SKT-2025-03:1 kutu,3. dolap 2. raf,3d2r,
6.0,"CORTAIR 0,25 MG/ML NEBULIZASYON ICIN TEK DOZLUK INHALASYON SUSPANSIYONU ICEREN FLAKON (20 FLAKON)",1,20,SKT-2025-08:1 kutu,3. dolap 2. raf,3d2r,
7.0,VENTOLIN INHALER 100 MCG 200 DOZ,1,1,SKT-2025-08:1 kutu,3. dolap 2. raf,3d2r,
8.0,SALRES 100 MCG INHALASYON ICIN OLCULU DOZLU AEROSOL 200 DOZ,1,1,SKT-2027-08:1 kutu,3. dolap 2. raf,3d2r,
9.0,"VENTOLIN NEBULES 2,5ML 20 DOZ",1,1,SKT-2026-11:1 kutu,3. dolap 2. raf,3d2r,
10.0,YARA BANDI SANİTA,4,4,SKT-2029-05:4 kutu,3. dolap 2. raf,3d2r,
11.0,FLASTER 10CMX5MT,5,5,SKT-2028-02:5 kutu,3. dolap 2. raf,3d2r,
12.0,TURNİKE OTOMATİK DAMARYOLU İÇİN,1,1,SKT-3000-02:1 kutu,3. dolap 2. raf,3d2r,
1.0,ALKOLLÜ MENDİL 100LÜ,1,100,SKT-2029-07:1 kutu,3. dolap 3. raf,3d3r,
2.0,BANDAFİX ELASTİK GENİŞ MESH BANDAJ SİZE 6,1,1,SKT-2015-06:1 kutu,3. dolap 3. raf,3d3r,
3.0,TAHTA DİL BASACAĞI ABESLANG 100'LÜ,1,100,SKT-2029-08:1 kutu,3. dolap 3. raf,3d3r,
4.0,CARBOMİX 50 G ORAL SÜSP İÇİN GRANÜL,1,1,SKT-2018-10:1 kutu,3. dolap 3. raf,3d3r,
5.0,SURGİFİX M25 7,2,2,SKT-2017-10:2 kutu,3. dolap 3. raf,3d3r,
6.0,STERİL GAZ KOMPRES 7.5X7.5CM 20X5,2,40,SKT-2017-10:2 kutu,3. dolap 3. raf,3d3r,
7.0,SURGİFİX M25 5,2,2,SKT-2017-08:2 kutu,3. dolap 3. raf,3d3r,
8.0,PAMUK ASTERİL 200G,2,2,SKT-3000-08:2 kutu,3. dolap 3. raf,3d3r,
9.0,ELASTİK BANDAJ 10X120CM,5,5,SKT-2029-04:5 kutu,3. dolap 3. raf,3d3r,
10.0,KANAMA DURDURUCU ISLAK TAMPON 5X5CM,5,5,SKT-2020-02:5 kutu,3. dolap 3. raf,3d3r,
11.0,KANAMA DURDURUCU ISLAK TAMPON 7X5X1CM,3,3,SKT-2029-01:3 kutu,3. dolap 3. raf,3d3r,
12.0,PELVİK KEMER,1,1,SKT-3000-01:1 kutu,3. dolap 3. raf,3d3r,
13.0,KULAKTAN ÖLÇER DİJİTAL TERMOMETRE PROBU 40 ADET,1,40,SKT-3000-01:1 kutu,3. dolap 3. raf,3d3r,
14.0,YARA BANDI 10X30,1,26,SKT-2009-02:1 kutu,3. dolap 3. raf,3d3r,
15.0,POTASYUM PERMANGANAT 100 GR,1,1,SKT-3000-02:1 kutu,3. dolap 3. raf,3d3r,
16.0,FLASTER TIBBİ ESNEK 2.5CM X 5M,4,4,SKT-2027-06:4 kutu,3. dolap 3. raf,3d3r,
17.0,FLASTER TIBBİ ESNEK 10CM X 10M,1,1,SKT-2028-11:1 kutu,3. dolap 3. raf,3d3r,
18.0,ENJEKSİYON BANDI 100'LÜ,13,1300,"SKT-2028-11:10 kutu, SKT-2025-01:3 kutu",3. dolap 3. raf,3d3r,
19.0,FLASTER TIBBİ ESNEK 5CM X 10M,1,1,SKT-2027-06:1 kutu,3. dolap 3. raf,3d3r,
1.0,JEL GEL PACKS 13X26CM SICAK VE SOĞUK KOMPRES JEL,4,4,SKT-3000-06:4 kutu,3. dolap 4. raf,3d4r,
2.0,ETİL ALKOL 70 DERECE 1000 ML.,4,4,SKT-2029-04:4 kutu,3. dolap 4. raf,3d4r,
3.0,JEL TERMOJEL GEL PACKS 13X13CM SICAK VE SOĞUK KOMPRES JEL,1,1,SKT-3000-04:1 kutu,3. dolap 4. raf,3d4r,
4.0,FLASTER 10CMX10MT,10,10,SKT-2029-07:10 kutu,3. dolap 4. raf,3d4r,
5.0,SOĞUTUCU SPREY CLORETHYL 150 ML.,4,4,SKT-2029-09:4 kutu,3. dolap 4. raf,3d4r,
6.0,PAMUKLU PED STERİL 10CMX10CM TEKLİ PAKET,200,200,SKT-2029-09:200 kutu,3. dolap 4. raf,3d4r,
1.0,DERMOSEPT ALET YÜZEY DEZENFEKTANI KULLANIMA HAZIR 1000ML.,9,9,SKT-2022-08:9 kutu,3. dolap 5. raf,3d5r,
2.0,DERMOSEPT EL DEZENFEKTANI 1000 ML.,1,1,SKT-2022-08:1 kutu,3. dolap 5. raf,3d5r,
3.0,DERMOSEPT ZEFİRAN ANTİNAKTERYEL ANTİFUNGAL ÇÖZELTİ 1000 ML.,1,1,SKT-2022-04:1 kutu,3. dolap 5. raf,3d5r,
4.0,OKSİJENLİ SU 1000 ML,1,1,SKT-2026-10:1 kutu,3. dolap 5. raf,3d5r,
5.0,SAF SU (DEİYONİZE SU) 1000 G,1,1,SKT-2024-09:1 kutu,3. dolap 5. raf,3d5r,
6.0,POVİİYODEKS ANTİSEPTİK ÇÖZELTİ 100 ML.,1,1,SKT-2026-08:1 kutu,3. dolap 5. raf,3d5r,
7.0,SAF SU (DEİYONİZE SU) 1000 G NON STERİL,1,1,SKT-2022-02:1 kutu,3. dolap 5. raf,3d5r,
8.0,BATİDERM %10 POVİDON İYOT 1000ML,7,7,SKT-2025-03:7 kutu,3. dolap 5. raf,3d5r,
1.0,Cerrahi Önlük,48,48,,4.dolap 1. Raf,4.DOLAP,
2.0,Koruyucu Giysi CAT 3 M Beden,5,5,,4.dolap 2. Raf,4.DOLAP,
3.0,Koruyucu Giysi CAT 3 L Beden,1,1,,4.dolap 2. Raf,4.DOLAP,
4.0,Koruyucu Giysi CAT 3 XL Beden,2,2,,4.dolap 2. Raf,4.DOLAP,
5.0,Galoş,50,50,2025-11-01 00:00:00,4.dolap 2. Raf,4.DOLAP,
6.0,Cerrahi Eldiven S,2,2,,4.dolap 2. Raf,4.DOLAP,
7.0,Cerrahi Eldiven M,3,3,2028-05-01 00:00:00,4.dolap 2. Raf,4.DOLAP,
8.0,Cerrahi Eldiven L,1,1,2025-06-01 00:00:00,4.dolap 2. Raf,4.DOLAP,
9.0,Cerrahi Eldiven L,1,1,2025-11-01 00:00:00,4.dolap 2. Raf,4.DOLAP,
10.0,Cerrahi Eldiven L,3,3,2026-05-01 00:00:00,4.dolap 2. Raf,4.DOLAP,
11.0,Tıbbi Atık Kutusu,2,2,,4.dolap 3. Raf,4.DOLAP,
12.0,Koruyucu Gözlük,6,6,,4.dolap 3. Raf,4.DOLAP,
13.0,Yüz Siperi,1,1,,4.dolap 3. Raf,4.DOLAP,
14.0,Cerrahi Maske,200,200,,4.dolap 3. Raf,4.DOLAP,
15.0,Cerrahi Önlük,8,8,,4.dolap 4. Raf,4.DOLAP,
16.0,Tulum Disposible M Beden,1,1,,4.dolap 4. Raf,4.DOLAP,
17.0,Tulum Disposible L Beden,2,2,,4.dolap 4. Raf,4.DOLAP,
18.0,Bone,0,0,,4.dolap 4. Raf,4.DOLAP,
19.0,Laringoskop Seti,3,3,,4.dolap 5. Raf,4.DOLAP,
20.0,Cerrahi Seti,2,2,,4.dolap 5. Raf,4.DOLAP,
21.0,Böbrek Küveti,1,1,,4.dolap 5. Raf,4.DOLAP,
22.0,Boyunluk,4,4,,4.dolap 5. Raf,4.DOLAP,
1.0,Adrenalin 0.5 mg Amp,14,14,2026-10-01 00:00:00,Acil Çantası,AcilÇantası,
2.0,Atropin 1mg/1ml Amp,9,9,2026-09-01 00:00:00,Acil Çantası,AcilÇantası,
3.0,Dekort 8 mg/2 ml Amp,3,3,2025-12-01 00:00:00,Acil Çantası,AcilÇantası,
4.0,Turktipsan Feniramin Maleat 45.5 mg/2 ml Amp,3,3,2026-02-01 00:00:00,Acil Çantası,AcilÇantası,
5.0,Diclomec 75 mg/3 ml Amp,2,2,2025-10-01 00:00:00,Acil Çantası,AcilÇantası,
6.0,Muscoflex 4mg/2ml Amp,2,2,2026-12-01 00:00:00,Acil Çantası,AcilÇantası,
7.0,Novalgin 1 gr/2 ml Amp,2,2,2025-05-01 00:00:00,Acil Çantası,AcilÇantası,
8.0,Isordil 5 mg Tb,50,50,2025-06-01 00:00:00,Acil Çantası,AcilÇantası,
9.0,Beloc Zok 25 mg Tb,10,10,2025-12-01 00:00:00,Acil Çantası,AcilÇantası,
10.0,Kapril 25 mg Tb,31,31,2025-05-01 00:00:00,Acil Çantası,AcilÇantası,
11.0,Ecopirin 300 mg Tb,8,8,2025-09-01 00:00:00,Acil Çantası,AcilÇantası,
12.0,Parol 500 mg Tb,10,10,2026-12-01 00:00:00,Acil Çantası,AcilÇantası,
13.0,Cordarone 200 mg Tb,15,15,2025-03-01 00:00:00,Acil Çantası,AcilÇantası,
14.0,Petholan Petidin 100mg/2ml Amp,1,1,2026-09-01 00:00:00,Acil Çantası,AcilÇantası,
15.0,Epitoin 250 mg/5ml Amp,-,-,-,Acil Çantası,AcilÇantası,
16.0,Norodol (Haloperidol) Amp,1,1,2026-08-01 00:00:00,Acil Çantası,AcilÇantası,
17.0,Midajet (Midazolam) 15 mg/3ml Amp,1,1,2026-04-01 00:00:00,Acil Çantası,AcilÇantası,
18.0,Akineton (Biperiden) Amp,1,1,2027-11-01 00:00:00,Acil Çantası,AcilÇantası,
19.0,Contramal (Tramadol) 100 mg Amp,1,1,2025-05-01 00:00:00,Acil Çantası,AcilÇantası,
20.0,Diazem (Diazepam) 10mg/2ml Amp,2,2,2026-05-01 00:00:00,Acil Çantası,AcilÇantası,
21.0,Dopadren 200 mg/5 ml Amp,-,-,-,Acil Çantası,AcilÇantası,
22.0,Dramamine (Dimenhidrinat) 50mg/1ml Amp,-,-,-,Acil Çantası,AcilÇantası,
23.0,Morfin Amp,1,1,2025-06-01 00:00:00,Acil Çantası,AcilÇantası,
24.0,Prednol L 40 mg Flk,3,3,2026-09-01 00:00:00,Acil Çantası,AcilÇantası,
25.0,Buscopan Amp,6,6,2025-07-01 00:00:00,Acil Çantası,AcilÇantası,
26.0,Metpamid Amp,3,3,2027-12-01 00:00:00,Acil Çantası,AcilÇantası,
27.0,Metloc (Metoprolol) 5mg/5ml Amp,-,-,-,Acil Çantası,AcilÇantası,
28.0,Diltizem L 25 mg Amp,1,1,2025-04-01 00:00:00,Acil Çantası,AcilÇantası,
29.0,Lasix 40 mg/ 2 ml Amp,5,5,1960-04-20 00:00:00,Acil Çantası,AcilÇantası,
1.0,METPAMID 10 MG 5 AMPUL,4.0,20.0,"SKT-2028-10:2 kutu, SKT-2028-11:2 kutu",DOLAP ÜSTÜ 1. KUTU,DÜ1,
2.0,"AVIL 45,5 MG/2 ML IM/IV ENJEKSIYONLUK COZELTI",4.0,20.0,SKT-2025-08:4 kutu,DOLAP ÜSTÜ 1. KUTU,DÜ1,
3.0,ECOPIRIN 300 MG 30 ENTERIK KAPLI TABLET,2.0,60.0,SKT-2025-11:2 kutu,DOLAP ÜSTÜ 1. KUTU,DÜ1,
4.0,CORTIPOL 250 MG I.M./I.V. ENJEKSIYONLUK COZELTI HAZIRLAMAK ICIN TOZ VE COZUCU (1 AMPUL + 1 ENJEKSIYONLUK SU ICEREN AMPUL),4.0,4.0,SKT-2025-07:4 kutu,DOLAP ÜSTÜ 1. KUTU,DÜ1,
5.0,NEXIUM 40 MG ENTERIK KAPLI 28 PELLET TABLET,6.0,168.0,"SKT-2026-12:3 kutu, SKT-2027-01:3 kutu",DOLAP ÜSTÜ 1. KUTU,DÜ1,
6.0,MUSCORIL 4 MG 2 ML 6 AMPUL,9.0,54.0,SKT-2026-05:9 kutu,DOLAP ÜSTÜ 1. KUTU,DÜ1,
7.0,"TIYOKAS MONO 12,5 MG/1 G JEL (60 G)",4.0,4.0,"SKT-2026-02:1 kutu, SKT-2026-06:3 kutu",DOLAP ÜSTÜ 1. KUTU,DÜ1,
8.0,ARVELES 25 MG 20 FILM TABLET,9.0,180.0,SKT-2026-02:9 kutu,DOLAP ÜSTÜ 1. KUTU,DÜ1,
9.0,MUSCORIL 4 MG 20 KAPSUL,8.0,160.0,"SKT-2026-03:6 kutu, SKT-2026-02:2 kutu",DOLAP ÜSTÜ 1. KUTU,DÜ1,
10.0,ANESTOL %5 MERHEM,5.0,5.0,SKT-2026-12:5 kutu,DOLAP ÜSTÜ 1. KUTU,DÜ1,
11.0,BUSCOPAN 20 MG/ML ENJEKSIYONLUK COZELTI (6 AMPUL),4.0,24.0,SKT-2026-12:4 kutu,DOLAP ÜSTÜ 1. KUTU,DÜ1,
12.0,BRUFEN 600 MG 20 FILM TABLET,3.0,60.0,SKT-2027-02:3 kutu,DOLAP ÜSTÜ 1. KUTU,DÜ1,
13.0,KATARIN 250 MG/100 MG/2 MG 30 KAPSUL,7.0,210.0,"SKT-2027-10:5 kutu, SKT-2027-09:2 kutu",DOLAP ÜSTÜ 1. KUTU,DÜ1,
14.0,"FURADERM % 0,2 56 GR POMAD",4.0,4.0,SKT-2027-11:4 kutu,DOLAP ÜSTÜ 1. KUTU,DÜ1,
15.0,DICLOMEC 3 ML 75 MG 10 AMPUL,4.0,40.0,SKT-2027-01:4 kutu,DOLAP ÜSTÜ 1. KUTU,DÜ1,
16.0,BUSCOPAN 10 MG KAPLI TABLET (20 TABLET),5.0,100.0,SKT-2027-03:5 kutu,DOLAP ÜSTÜ 1. KUTU,DÜ1,
17.0,REFLOR 250 MG LIYOFILIZE TOZ ICEREN 10 SASE,2.0,20.0,SKT-2027-01:2 kutu,DOLAP ÜSTÜ 1. KUTU,DÜ1,
18.0,A-FERIN FORTE 650 MG 30 TABLET,7.0,210.0,SKT-2028-12:7 kutu,DOLAP ÜSTÜ 1. KUTU,DÜ1,
19.0,"TALCID 0,5 GR 40 CIG.TABLETI",6.0,240.0,SKT-2028-04:6 kutu,DOLAP ÜSTÜ 1. KUTU,DÜ1,
20.0,DIKLORON 25 MG 30 FILM TABLET,2.0,60.0,SKT-2028-05:2 kutu,DOLAP ÜSTÜ 1. KUTU,DÜ1,
21.0,APRANAX FORTE 550 MG 10 FILM KAPLI TABLET,9.0,90.0,SKT-2028-12:9 kutu,DOLAP ÜSTÜ 1. KUTU,DÜ1,
22.0,SILVERDIN % 1 40 GR KREM,5.0,5.0,SKT-2028-02:5 kutu,DOLAP ÜSTÜ 1. KUTU,DÜ1,
23.0,DICLOMEC %1 50 GR JEL,4.0,4.0,SKT-2028-01:4 kutu,DOLAP ÜSTÜ 1. KUTU,DÜ1,
24.0,PAROL 500 MG 30 TABLET,4.0,120.0,SKT-2029-08:4 kutu,DOLAP ÜSTÜ 1. KUTU,DÜ1,
25.0,METPAMID 10 MG 30 TABLET,3.0,90.0,SKT-2029-04:3 kutu,DOLAP ÜSTÜ 1. KUTU,DÜ1,
,,,,,,DÜ1,
,,,,Rev. 19/01/2025,,DÜ1,
1.0,ENJEKTÖR 5ML.,170,170,SKT-2029-02:170 kutu,DOLAP ÜSTÜ 2. KUTU,DÜ2,
